Date,Country,Event,Dog distance (km),Elevation (m+),Dog access,Status,Notes,Primary source,Secondary source,Origin
2026-01-10,Netherlands,Otterlo Trailrun,11|22|35,,dogs allowed in regular trail,source-confirmed 2026,Dogs may join; keep dog leashed and start at the back.,https://canitrail.nl/events/otterlo-trailrun/,,uploaded 2026 CSV
2026-01-11,France,Canicross de Cergy – L'île aux trésors,not published,,dedicated FFSLC canicross,held,Official FFSLC event; adult canicross long/short disciplines.,https://courses.ffslc.fr/event-fiche/946,,FFSLC Canicross import 2026-09-12
2026-01-17,Belgium,Coalminers’ Trail & Walk,10|13|19|28,,dogs allowed in regular trail,source-confirmed 2026,Dogs explicitly allowed on both walk and trail; leashed.,https://canitrail.nl/events/coalminers-trail-walk/,,uploaded 2026 CSV
2026-01-17,Austria,MOUNTAINMAN Wintertrail Mittersill-KitzSki,10|18|31,700|1100|2100,Dogs-Trail / optional with dog,cancelled,2026 edition cancelled because the route permit was withdrawn.,https://www.lg-mettenheim.de/veranstaltungen/mountainman-wintersill_20260117,,web verification 2026-09-11
2026-01-24 to 2026-01-25,France,CANI TROPHY FONTAINEBLEAU 2026 – Canicross,5|5.5,,dedicated FFSLC canicross,held,Official FFSLC event; long adult Canicross 5 km Saturday and 5.5 km Sunday.,https://courses.ffslc.fr/event-fiche/971,,FFSLC Canicross import 2026-09-12
2026-01-24,Germany,Yeti Dog Run,16|26,,dog-only trail day,source-confirmed 2026,Saturday is the DOG TRAIL; Sunday is without dogs.,https://canitrail.nl/events/yeti-dog-run-18km-en-26km/,,uploaded 2026 CSV
2026-02-07,Netherlands,Natte Neuzen Trail Montferland,10|12|13|15|20|22|23|25,,dedicated canitrail event,source-confirmed 2026,"6 km snuffeltrail exists too, but excluded here because under 10 km.",https://canitrail.nl/de-natte-neuzen-trails-2025-2026/nnt-montferland-2026/,,uploaded 2026 CSV
2026-02-08,France,Trail des Fontaines,12,,dedicated canitrail distance,source-confirmed 2026,Chrono-Start lists a CaniTrail 12 km start.,https://chrono-start.com/events/trail-des-fontaines-624-922-102/,,uploaded 2026 CSV
2026-02-21,Netherlands,Bosbokken Canitrail,15,,dedicated canitrail distance,source-confirmed 2026,Official Bosbokken pages say Saturday has a separate canitrail; current program shows 15 km.,https://www.bosbokken.nl/info/,https://www.bosbokken.nl/programma/,uploaded 2026 CSV
2026-03-01,Belgium,Alden Biesen Trail & Walk,10|16|20|27,,dogs allowed in regular trail,source-confirmed 2026,Dogs explicitly allowed on trail and walk; leashed.,https://canitrail.nl/events/alden-biesen-trail-walk/,,uploaded 2026 CSV
2026-03-07 to 2026-03-08,France,Championnats de France Terre 2026 – Canicross,5,,FFSLC championship canicross,held,Official FFSLC French dryland championship; adult Canicross 5 km on both days.,https://courses.ffslc.fr/event-fiche/906,,FFSLC Canicross import 2026-09-12
2026-03-07,Germany,MOUNTAINMAN Wintertrail Reit im Winkl,14|22,150|651,own Dogs-Trail start + separate ranking,held / sold out,Dog entries sold out; S 14 km and M 22 km available with dog.,https://mountainman.de/trailrunning-events/alps/wintertrail-reit-im-winkl/dogs-trail/,,web verification 2026-09-11
2026-03-14,Germany,Canitrail-Lauf durchs Nettetal 4.0,10|20,,dedicated canitrail event,source-confirmed 2026,"Also offers 5 km and caniwalk, excluded here where under 10 km.",https://canitrail.nl/events/canitrail-nettetal/,,uploaded 2026 CSV
2026-03-14,Netherlands,Dark Sky Trail Lauwersmeer,10,,separate canitrailer start in regular event,source-confirmed 2026,Canitrailers start at 19:00; trailrunners at 19:15.,https://canitrail.nl/events/dark-sky-trail-lauwersmeer/,,uploaded 2026 CSV
2026-03-14 to 2026-03-15,Netherlands,Vuurtoren Trail Ameland,10|18,,dogs allowed in regular trail,source-confirmed 2026,Canitrailers can join 6|10|18 km; only 10 and 18 included here.,https://canitrail.nl/events/vuurtoren-trail-ameland/,,uploaded 2026 CSV
2026-03-21,Germany,VulCanicross – Bubeck Tour,10,,dog-powered runner tour within VDSV race,held,"VDSV official race notice lists the Bubeck Tour at about 10 km for runners, bikers and scooters.",https://vdsv.de/wp-content/uploads/12.-VCC-Ausschreibung.pdf,,VDSV verification 2026-09-12
2026-04-04 to 2026-04-05,France,6e Canicross du Domaine de Givray,not published,,dedicated FFSLC canicross,held,Official FFSLC canicross weekend at Domaine de Givray.,https://courses.ffslc.fr/event-fiche/970,,FFSLC Canicross import 2026-09-12
2026-04-10 to 2026-04-12,UK,RAID Cani-Trail,87,,multi-day dog trail event,source-confirmed 2026,Day 1 32 km + Day 2 42.5 km + Day 3 12.5 km = 87 km total. Mini RAID is 34.5 km total.,https://www.canitrailuk.co.uk/about-1,,uploaded 2026 CSV
2026-04-11,UK,Spring Run the Seasons Cowdray – CaniRun,10|16.1,,dedicated CaniRun starts,source-confirmed 2026,Official page lists separate 10 km and 10 mile CaniRun starts; 5 km excluded here.,https://rawenergypursuits.co.uk/spring-run-the-seasons-cowdray-9am-saturday-11th-april-2026/,,web verification 2026-09-12
2026-04-18,UK,Thoresby Park Longhorn Trail,10|21.1,,canicross-friendly regular trail with separate start,source-confirmed 2026,10 km and half marathon are canicross friendly; separate canicross start. 5 km also dog-friendly but excluded here.,https://www.wilddeerevents.co.uk/e/thoresby-park-longhorn-trail-event-2026-14505,https://thoresby.com/events/the-longhorn-trail/,web verification 2026-09-12
2026-04-19,France,L’Epouvan’trail,10,,dedicated canitrail distance,source-confirmed 2026,Pyrénées Chrono lists a 10 km canitrail.,https://pyreneeschrono.fr/evenement/epouvantrail/,https://www.finishers.com/en/event/l-epouvan-trail,uploaded 2026 CSV
2026-04-25 to 2026-04-26,Switzerland,Canitrail des Moines,not published,,dedicated canitrail event,source-confirmed 2026,Date and dog format confirmed by Swiss Canicross; current 2026 page does not show exact km.,https://swiss-canicross.ch/courses/categorie/canitrails/,https://swiss-canicross.ch/course/canitrails-des-moines/,uploaded 2026 CSV
2026-04-25 to 2026-04-26,France,Trophée d'Agy 2026 – Canitrail,15,700,dedicated FFSLC canitrail,held,Official FFSLC event page lists a 15 km canitrail with 700 m D+ on Sunday.,https://courses.ffslc.fr/event-fiche/1051,,FFSLC verification 2026-09-12
2026-04-26,UK,Scone Palace Trail Runs,10,,canicross-friendly regular trail,source-confirmed 2026,10 km route was canicross friendly; one controlled dog per runner. 5 km excluded here.,https://www.wilddeerevents.co.uk/e/scone-palace-trail-runs-2026-14510,https://gotrail.run/en/race/scone-palace-trail-runs,web verification 2026-09-12
2026-05-02 to 2026-05-03,France,3e Castel'Canicross de Blangy le Château – Canicross,not published,,dedicated FFSLC canicross,held,Official FFSLC event with Canicross and Canitrail disciplines.,https://courses.ffslc.fr/event-fiche/992,,FFSLC Canicross import 2026-09-12
2026-05-08 to 2026-05-10,UK,Mynydd Y Gaer Mountain Challenge,10|17|35_total,,multi-day dog trail event,source-confirmed 2026,10 km and 17 km stages are in-range; full 3-day challenge totals 35 km if you also do the 8 km day.,https://www.canitrailuk.co.uk/cani-trail-mountain-challenge,,uploaded 2026 CSV
2026-05-10,Belgium,Cani-Trail & Trail des Ardennes,11|17|27,,dedicated canitrail distances,source-confirmed 2026,"Registration page lists separate Canitrail Découverte, Court, and Long.",https://www.ledossard.com/inscription/index.php?id=3530,https://www.ultratiming.live/en/evenement/cani-trail-trail-des-ardennes-2026/epreuve/canitrail-court,uploaded 2026 CSV
2026-05-10,UK,Houghton Trail Event – 11K Canicross Run,11,,dedicated canicross distance,source-confirmed 2026,Annual event includes a separate 11 km canicross run alongside the trail run.,https://www.houghton-trail-event.org.uk/,https://www.timeoutdoors.com/events/the-houghton-trail-event/11k-canicross-run,web verification 2026-09-12
2026-05-14,Netherlands,Dauw Canitrail Xperience,10|15|20,,dedicated canitrail event,source-confirmed 2026,Canitrail.NL event with 3 distances.,https://canitrail.nl/events/dauw-canitrail-xperience/,,uploaded 2026 CSV
2026-05-23,France,Les Gendarmes et les Voleurs de Temps – CaniTrail,11.3,185,dedicated canitrail,held,"CaniTrail 11.3 km, co-organised with CANIPAT87.",https://gendarmes-et-voleurs.com/canitrail/,,web verification 2026-09-11
2026-05-24,France,5e Cani-Cross des Sénons,4,,dedicated FFSLC canicross,held,Official FFSLC event around Étang de Salcy; adult course 4 km.,https://courses.ffslc.fr/event-fiche/1067,,FFSLC Canicross import 2026-09-12
2026-05-30 to 2026-05-31,France,Canitrail des biches,16.2,300,dedicated FFSLC canitrail,held,Official FFSLC event page lists 16.2 km and 300 m D+.,https://courses.ffslc.fr/event-fiche/1121/,https://ffslc.fr/wp-content/uploads/2025/06/REG-03.A21-Reglement-Canicross-Canitrail-Ski-joering.pdf,FFSLC verification 2026-09-12
2026-05-30,Italy,CLUT / UltraKtrail / Chien Ultra K,10,,dedicated dog class within trail event,source-confirmed 2026,Official CLUT confirms 30 May 2026 event; Finishers confirms a 10 km dog class labeled Chien Ultra K / canitrail.,https://www.clut.run/quote-e-regolamento/,https://www.finishers.com/course/ultraktrail,uploaded 2026 CSV
2026-07-04,Belgium,Festival Trail Semois,17|26,,dedicated canitrail distances,source-confirmed 2026,"Event also has a 9 km canitrail, excluded here because under 10 km.",https://www.ultratiming.live/en/evenement/festival-trail-semois-2026/epreuve/canitrail-17km,https://www.ultratiming.live/en/evenement/festival-trail-semois-2026/epreuve/canitrail-26km,uploaded 2026 CSV
2026-08-09,France,Canitrail dans le Taillefer,not published (>9 per FFSLC rules),,dedicated FFSLC canitrail,held,Official FFSLC calendar classifies this as Canitrail; FFSLC rules define Canitrail as over 9 km.,https://courses.ffslc.fr/calendar,https://ffslc.fr/wp-content/uploads/2025/06/REG-03.A21-Reglement-Canicross-Canitrail-Ski-joering.pdf,FFSLC verification 2026-09-12
2026-08-18 to 2026-08-21,Netherlands,Cani- en Trail4Daagse Veluwezoom,37_to_73_total,,multi-day trail opened to canitrailers,source-confirmed 2026,4-day format; total distance depends on chosen daily route length.,https://canitrail.nl/events/cani-en-trail4daagse-veluwezoom-2026/,,uploaded 2026 CSV
2026-08-21 to 2026-08-23,France,Canitrail du Diamant,multi-stage >10 total,,dedicated FFST multi-day canitrail,held,Three-stage Canitrail in Praz-sur-Arly; official timing confirms 21–23 August 2026 and FFST lists it in the 2025/26 dryland season.,https://www.l-chrono.com/edition/canitrail-du-diamant-2026/,https://ffstmushing.org/saison-2025-2026/,FFST verification 2026-09-12
2026-08-22 to 2026-08-23,France,Canitrail sur les traces de Stevenson,not published (>9 per FFSLC rules),,dedicated FFSLC canitrail,held,Official FFSLC calendar lists a Canitrail on 22–23 August; FFSLC rules define Canitrail as over 9 km.,https://courses.ffslc.fr/calendar,https://ffslc.fr/wp-content/uploads/2025/06/REG-03.A21-Reglement-Canicross-Canitrail-Ski-joering.pdf,FFSLC verification 2026-09-12
2026-08-29 to 2026-08-30,France,Trophée de Sirius des Aiguilles d'Arves,not published (>9 per FFSLC rules),,dedicated FFSLC canitrail,held,Official FFSLC calendar classifies this event as Canitrail.,https://courses.ffslc.fr/calendar,https://ffslc.fr/wp-content/uploads/2025/06/REG-03.A21-Reglement-Canicross-Canitrail-Ski-joering.pdf,FFSLC verification 2026-09-12
2026-09-12 to 2026-09-13,France,Woofest,not published (>9 per FFSLC rules),,FFSLC event with Canitrail,held,Official FFSLC calendar lists Canitrail among the disciplines.,https://courses.ffslc.fr/calendar,https://ffslc.fr/wp-content/uploads/2025/06/REG-03.A21-Reglement-Canicross-Canitrail-Ski-joering.pdf,FFSLC verification 2026-09-12
2026-09-13,UK,Beat the Black Dog Canitrail & Trail Run,12,,dedicated canitrail + trail event,upcoming,12 km canitrail and trail run in Ogmore Vale; Canitrail UK terms referenced by organiser.,https://www.eventbrite.co.uk/e/beat-the-black-dog-12km-canitrail-and-trail-run-in-aid-of-papyrus-tickets-1987041685170,,web verification 2026-09-12
2026-09-13,France,Canitrail des montées du Daubenschlag,12,,dedicated FFSLC canitrail,held,Official FFSLC event page states 12 km for the 2026 edition.,https://courses.ffslc.fr/event-fiche/1153/,https://courses.ffslc.fr/calendar,FFSLC verification 2026-09-12
2026-09-13,France,Woofest – Canicross,6,,dedicated FFSLC canicross,held,Official FFSLC listing; Sunday Canicross is 6 km.,https://courses.ffslc.fr/event-fiche/1197,https://courses.ffslc.fr/calendar,FFSLC Canicross import 2026-09-12
2026-09-19,Germany,ARBERLAND Ultra Trail – Hundelauf,20|36,900|1500,dedicated dog start + ranking,upcoming,Dog ranking on Arbersee Trail and Schachtenbach Trail.,https://www.arberland-bayerischer-wald.de/aktiv-im-sommer/trailrunning/arberland-ultra-trail/,,web verification 2026-09-11
2026-09-19,France,Canicross du lac de Chour,not published,,dedicated FFSLC canicross,upcoming,Official FFSLC calendar lists adult Canicross.,https://courses.ffslc.fr/calendar-map,https://courses.ffslc.fr/calendar,FFSLC Canicross import 2026-09-12
2026-09-19,UK,Limitless Trails – Trails & Tarmac Summer 12h BYU,4.2 mile loops up to 12h,,canicross-friendly endurance event,upcoming,12-hour backyard format on 4.2-mile loops; organiser states its events are canicross friendly.,https://www.limitlesstrails.co.uk/trails-and-tarmac-12hr-byu,https://www.limitlesstrails.co.uk/canicross-menu,web verification 2026-09-12
2026-09-20,France,Interclub des menhirs – Canicross,not published,,FFSLC canicross event,upcoming,Official FFSLC calendar lists Canicross court and Canicross long.,https://courses.ffslc.fr/calendar-map,https://courses.ffslc.fr/calendar,FFSLC Canicross import 2026-09-12
2026-09-26 to 2026-09-27,France,Canifadas de Gréolières,not published (>9 per FFSLC rules),,FFSLC event with Canitrail,upcoming,Official FFSLC calendar lists Canitrail among the disciplines.,https://courses.ffslc.fr/calendar,https://ffslc.fr/wp-content/uploads/2025/06/REG-03.A21-Reglement-Canicross-Canitrail-Ski-joering.pdf,FFSLC verification 2026-09-12
2026-09-26 to 2026-09-27,France,Canifadas de Gréolières – Canicross,not published,,FFSLC canicross event,upcoming,Official FFSLC calendar lists adult Canicross alongside Canitrail.,https://courses.ffslc.fr/calendar-map,https://courses.ffslc.fr/calendar,FFSLC Canicross import 2026-09-12
2026-09-26,UK,Harewood Wild Autumn Trail Runs,16.1|24.1,,canicross-friendly regular trail,upcoming,10-mile and 15-mile routes are canicross friendly; one controlled dog per runner. 5-mile route excluded here.,https://harewood.org/events/wild-autumn-trail-runs/,https://www.wilddeerevents.co.uk/,web verification 2026-09-12
2026-09-26,Germany,MOUNTAINMAN Reit im Winkl – Dogs-Trail,11|26,300|900,own dog starts + separate ranking,upcoming,S and M trails allow dogs; own dog starts and finisher medal.,https://www.chiemsee-chiemgau.info/mountainman-reit-im-winkl,,web verification 2026-09-11
2026-09-26 to 2026-09-27,France,Roazhon Run – Canicross,not published,,dedicated FFSLC canicross,upcoming,Official FFSLC calendar lists Canicross.,https://courses.ffslc.fr/calendar-map,https://courses.ffslc.fr/calendar,FFSLC Canicross import 2026-09-12
2026-09-27,France,7e Canicross de Bully,not published,,dedicated FFSLC canicross,upcoming,Official FFSLC calendar lists Canicross court and long.,https://courses.ffslc.fr/calendar-map,https://courses.ffslc.fr/calendar,FFSLC Canicross import 2026-09-12
2026-10-03 to 2026-10-04,France,14e Challenge Canicrossbreizh – Canicross,not published,,FFSLC canicross event,upcoming,Official FFSLC calendar lists adult Canicross.,https://courses.ffslc.fr/calendar-map,https://courses.ffslc.fr/calendar,FFSLC Canicross import 2026-09-12
2026-10-03 to 2026-10-04,France,14ème Challenge Canicrossbreizh,not published (>9 per FFSLC rules),,FFSLC event with Canitrail,upcoming,Official FFSLC calendar lists Canitrail among the disciplines.,https://courses.ffslc.fr/calendar,https://ffslc.fr/wp-content/uploads/2025/06/REG-03.A21-Reglement-Canicross-Canitrail-Ski-joering.pdf,FFSLC verification 2026-09-12
2026-10-03,Netherlands,Brekeld Runners Trail,10|15|20,,dogs allowed in regular trail,source-confirmed 2026,"Dogs welcome on 10 km, 15 km and 20 km.",https://canitrail.nl/events/brekeld-runners-trail/,,uploaded 2026 CSV
2026-10-03 to 2026-10-04,France,Canicross de la Meute,not published (>9 per FFSLC rules),,FFSLC event with Canitrail,upcoming,Official FFSLC calendar lists Canitrail among the disciplines.,https://courses.ffslc.fr/calendar,https://ffslc.fr/wp-content/uploads/2025/06/REG-03.A21-Reglement-Canicross-Canitrail-Ski-joering.pdf,FFSLC verification 2026-09-12
2026-10-03 to 2026-10-04,France,Canicross de la Meute – Canicross,not published,,FFSLC canicross event,upcoming,Official FFSLC calendar lists Canicross court and adult disciplines.,https://courses.ffslc.fr/calendar-map,https://courses.ffslc.fr/calendar,FFSLC Canicross import 2026-09-12
2026-10-03 to 2026-10-04,Switzerland,Canitrail des Bisses,not published,,dedicated canitrail event,source-confirmed 2026,Adult canitrail and dog requirements confirmed; current 2026 pages do not show exact km.,https://www.myswitzerland.com/en-gb/experiences/events/canitrail-des-bisses/,https://lecanitraildesbisses.ch/informations/categories/,uploaded 2026 CSV
2026-10-03 to 2026-10-04,France,À'crocs de la vallée du Thouet #2,not published (>9 per FFSLC rules),,FFSLC event with Canitrail,upcoming,Official FFSLC calendar lists Canitrail among the disciplines.,https://courses.ffslc.fr/calendar,https://ffslc.fr/wp-content/uploads/2025/06/REG-03.A21-Reglement-Canicross-Canitrail-Ski-joering.pdf,FFSLC verification 2026-09-12
2026-10-03 to 2026-10-04,France,À'crocs de la vallée du Thouet #2 – Canicross,not published,,FFSLC canicross event,upcoming,Official FFSLC calendar lists Canicross long and other Canicross classes.,https://courses.ffslc.fr/calendar-map,https://courses.ffslc.fr/calendar,FFSLC Canicross import 2026-09-12
2026-10-04,France,Canicross de Bourghelles – 4e édition,not published,,dedicated FFSLC canicross,upcoming,Official FFSLC calendar lists Canicross.,https://courses.ffslc.fr/calendar-map,https://courses.ffslc.fr/calendar,FFSLC Canicross import 2026-09-12
2026-10-04,France,Canitrail des Bagnards,not published (>9 per FFSLC rules),,dedicated FFSLC canitrail,upcoming,Official FFSLC calendar classifies this as Canitrail.,https://courses.ffslc.fr/calendar,https://ffslc.fr/wp-content/uploads/2025/06/REG-03.A21-Reglement-Canicross-Canitrail-Ski-joering.pdf,FFSLC verification 2026-09-12
2026-10-04,Netherlands,Kustmarathon Zeeland Canitrail,16,,dedicated canitrail distance,source-confirmed 2026,Official Kustmarathon page says first canitrail is 16 km offroad on 4 October 2026.,https://www.kustmarathon.nl/wedstrijd/canitrail/,https://www.kustmarathon.nl/,uploaded 2026 CSV
2026-10-10 to 2026-10-11,France,ACCRO'RUN #5 – Canicross,not published,,FFSLC canicross event,upcoming,"Official FFSLC calendar lists adult Canicross, short and long categories.",https://courses.ffslc.fr/calendar-map,https://courses.ffslc.fr/calendar,FFSLC Canicross import 2026-09-12
2026-10-10,UK,Limitless Trails – The Loop Ultra,50,1482,canicross-friendly ultra,upcoming,32-mile / 50 km marked trail ultra; official event page explicitly says canicross friendly.,https://www.limitlesstrails.co.uk/the-loop-ultra,,web verification 2026-09-12
2026-10-10,France,Ouaffastienne et Maxiouaffastienne,not published (>9 per FFSLC rules),,dedicated FFSLC canitrail,upcoming,Official FFSLC calendar classifies the event as Canitrail.,https://courses.ffslc.fr/calendar,https://ffslc.fr/wp-content/uploads/2025/06/REG-03.A21-Reglement-Canicross-Canitrail-Ski-joering.pdf,FFSLC verification 2026-09-12
2026-10-17 to 2026-10-23,France,7e Challenge Trans'Pyr Ariégeois – Canicross,not published,,FFSLC canicross event,upcoming,Official FFSLC calendar event; Canicross included in the challenge.,https://courses.ffslc.fr/calendar,,FFSLC Canicross import 2026-09-12
2026-10-17,France,Canitrail des Cadoles,not published (>9 per FFSLC rules),,dedicated FFSLC canitrail,upcoming,Official FFSLC calendar classifies this as Canitrail.,https://courses.ffslc.fr/calendar,https://ffslc.fr/wp-content/uploads/2025/06/REG-03.A21-Reglement-Canicross-Canitrail-Ski-joering.pdf,FFSLC verification 2026-09-12
2026-10-17,France,La Tractopattes – Canicross caritatif,not published,,dedicated FFSLC canicross,upcoming,Official FFSLC calendar event.,https://courses.ffslc.fr/calendar,,FFSLC Canicross import 2026-09-12
2026-10-17 to 2026-10-18,France,La Wati'Dogs Run II – Canicross,not published,,FFSLC canicross event,upcoming,Official FFSLC calendar event.,https://courses.ffslc.fr/calendar,,FFSLC Canicross import 2026-09-12
2026-10-18,France,Canicross Val de Loire #17,not published,,dedicated FFSLC canicross,upcoming,Official FFSLC calendar event.,https://courses.ffslc.fr/calendar,,FFSLC Canicross import 2026-09-12
2026-10-18,France,Canitrail de la Brie,not published (>9 per FFSLC rules),,dedicated FFSLC canitrail,upcoming,Official FFSLC calendar classifies this as Canitrail.,https://courses.ffslc.fr/calendar,https://ffslc.fr/wp-content/uploads/2025/06/REG-03.A21-Reglement-Canicross-Canitrail-Ski-joering.pdf,FFSLC verification 2026-09-12
2026-10-18,France,La Tractopattes – Championnat Régional R7 Canicross,not published,,FFSLC regional canicross championship,upcoming,Regional championship explicitly includes Canicross.,https://courses.ffslc.fr/event-fiche/1133/tests/,https://courses.ffslc.fr/calendar,FFSLC Canicross import 2026-09-12
2026-10-18,France,Les Régionaux de Manehouarn – Canicross R9,not published,,FFSLC regional canicross event,upcoming,Official FFSLC calendar event.,https://courses.ffslc.fr/calendar,,FFSLC Canicross import 2026-09-12
2026-10-24 to 2026-10-25,Germany,Harzer Luchstrail – Canicross,not published,,VDSV dryland Mono / Canicross,upcoming,VDSV race calendar; official organiser confirms 24–25 Oct 2026 and CaniX categories.,https://vdsv.de/kalender/,https://luchstrail.de/,VDSV Canicross import 2026-09-12
2026-10-24,France,La Canidé'cathlon #2 – Canicross,not published,,FFSLC canicross event,upcoming,Official FFSLC calendar event.,https://courses.ffslc.fr/calendar,,FFSLC Canicross import 2026-09-12
2026-10-25,France,La CaniVertaco – Canicross,not published,,FFSLC canicross event,upcoming,Official FFSLC calendar event.,https://courses.ffslc.fr/calendar,,FFSLC Canicross import 2026-09-12
2026-10-31,France,Trail du Calvaire,12,,dedicated canitrail distance,source-confirmed 2026,Finishers shows Cani-Trail du Calvaire 12 km; official FFSLC calendar confirms the 31 October date.,https://courses.ffslc.fr/calendar,https://www.finishers.com/en/event/trail-du-calvaire,FFSLC + uploaded verification 2026-09-12
2026-11-01,UK,Lakeland Paws – Grizedale Growl West Side,10,250,dedicated canicross event,upcoming,"2026/27 series date confirmed for 1 Nov; West Side route offers 5 km and 10 km, with 10 km retained here.",https://lakelandpaws.com/events/,https://lakelandpaws.com/grizedale-growl/,web verification 2026-09-12
2026-11-07,UK,Blue Castle Run,11.3,,canicross category within trail race,upcoming / sold out,7-mile trail race with capped canicross entry and canicross prizes.,https://www.bluecastlerun.co.uk/blue-castle-run,https://dashboard.race-nation.co.uk/register/blue-castle-run/blue-castle-run-2026,web verification 2026-09-12
2026-11-07,France,Canicross de Gallician – Acte 2,not published,,dedicated FFSLC canicross,upcoming,Official FFSLC calendar event.,https://courses.ffslc.fr/calendar,,FFSLC Canicross import 2026-09-12
2026-11-07 to 2026-11-08,France,La Crocôtière #5 – Canicross,not published,,FFSLC canicross event,upcoming,Official FFSLC calendar event.,https://courses.ffslc.fr/calendar,,FFSLC Canicross import 2026-09-12
2026-11-07,UK,The Grim Reservoir Dogs,10.8,,dog race / canicross-friendly trail,upcoming,6.7-mile dog race around Fewston and Swinsty reservoirs; shorter 3.3-mile option excluded here.,https://www.itsgrimupnorthrunning.co.uk/e/the-grim-reservoir-dogs-11615,,web verification 2026-09-12
2026-11-07 to 2026-11-08,Germany,Visbek – Canicross,not published,,VDSV dryland Mono / Canicross,upcoming,VDSV-season dryland race with Mono classes.,https://vdsv.de/kalender/,https://www.zughunde-nds.de/events-und-ergebnisse/,VDSV Canicross import 2026-09-12
2026-11-08,France,Canicross d'Eschau,not published,,dedicated FFSLC canicross,upcoming,Official FFSLC calendar event.,https://courses.ffslc.fr/calendar,,FFSLC Canicross import 2026-09-12
2026-11-08,France,La Cani Haut-Marnaise – Canicross,not published,,FFSLC canicross event,upcoming,Official FFSLC calendar event.,https://courses.ffslc.fr/calendar,,FFSLC Canicross import 2026-09-12
2026-11-08,France,La Cani Haut-Marnaise – Canitrail,not published (>9 per FFSLC rules),,FFSLC event with Canitrail,upcoming,Official FFSLC calendar lists Canitrail among the disciplines.,https://courses.ffslc.fr/calendar,https://ffslc.fr/wp-content/uploads/2025/06/REG-03.A21-Reglement-Canicross-Canitrail-Ski-joering.pdf,FFSLC verification 2026-09-12
2026-11-14,France,Canicross de la Vente des Vins des Hospices de Beaune,not published,,dedicated FFSLC canicross,upcoming,Official FFSLC calendar event.,https://courses.ffslc.fr/calendar,,FFSLC Canicross import 2026-09-12
2026-11-14,France,Canitrail des Châtaignes,11,,dedicated dog class within trail event,upcoming,Official FFSLC calendar gives 14 November 2026; previously stored 15 November date corrected.,https://courses.ffslc.fr/calendar,https://www.finishers.com/en/event/trail-des-chataignes-de-cormeille-en-parisis,FFSLC correction 2026-09-12
2026-11-14,France,Canitrail d’Eguzon,not published (>9 per FFSLC rules),,dedicated FFSLC canitrail,upcoming,Official FFSLC calendar classifies this as Canitrail.,https://courses.ffslc.fr/calendar,https://ffslc.fr/wp-content/uploads/2025/06/REG-03.A21-Reglement-Canicross-Canitrail-Ski-joering.pdf,FFSLC verification 2026-09-12
2026-11-14 to 2026-11-15,Germany,Ströhen – Canicross,not published,,VDSV dryland Mono / Canicross,upcoming,VDSV-season dryland race at Tierpark Ströhen.,https://vdsv.de/kalender/,https://www.zughunde-nds.de/events-und-ergebnisse/,VDSV Canicross import 2026-09-12
2026-11-15,France,Championnat de Normandie – 17e Canicross du Bois du Roule,not published,,FFSLC regional canicross championship,upcoming,Official FFSLC calendar lists Canicross court and long.,https://courses.ffslc.fr/calendar-map,https://courses.ffslc.fr/calendar,FFSLC Canicross import 2026-09-12
2026-11-19 to 2026-11-22,Germany,WSA WM Ströhen – Canicross / Mono,not published,,VDSV/WSA dryland Mono event,upcoming,Listed by VDSV as WSA World Championship dryland with Mono classes.,https://vdsv.de/kalender/,,VDSV Canicross import 2026-09-12
2026-11-21,France,Canicross Coucy la Ville,not published,,dedicated FFSLC canicross,upcoming,Official FFSLC calendar event.,https://courses.ffslc.fr/calendar,,FFSLC Canicross import 2026-09-12
2026-11-21 to 2026-11-22,Germany,Frankonia Open – Lauf an der Pegnitz – Canicross,not published,,VDSV dryland Mono / Canicross,upcoming,VDSV qualification/ranking race with Mono classes.,https://vdsv.de/kalender/,,VDSV Canicross import 2026-09-12
2026-11-22,France,Canicross de Maurepas – 2e édition,not published,,dedicated FFSLC canicross,upcoming,Official FFSLC calendar event.,https://courses.ffslc.fr/calendar,,FFSLC Canicross import 2026-09-12
2026-11-22,France,La Course Des Rives – Canicross,not published,,FFSLC canicross event,upcoming,Official FFSLC calendar lists adult Canicross.,https://courses.ffslc.fr/calendar-map,https://courses.ffslc.fr/calendar,FFSLC Canicross import 2026-09-12
2026-11-22,France,Régional R6 – Canicross,not published,,FFSLC regional canicross event,upcoming,Official FFSLC calendar lists adult Canicross.,https://courses.ffslc.fr/calendar-map,https://courses.ffslc.fr/calendar,FFSLC Canicross import 2026-09-12
2026-11-28 to 2026-11-29,Germany,CapitalCross 2026 – Canicross,5.6,,VDSV German Championship Canicross,upcoming,Official venue confirms DM and approx. 5.6 km Canicross course.,https://vdsv.de/kalender/,https://www.spargelhof-klaistow.de/klaistower-schlittenhunderennen/,VDSV Canicross import 2026-09-12
2026-11-29,France,Canicross de la Côte d'Opale – Étaples-sur-Mer,not published,,dedicated FFSLC canicross,upcoming,Official FFSLC calendar event.,https://courses.ffslc.fr/calendar,,FFSLC Canicross import 2026-09-12
2026-12-05 to 2026-12-06,Germany,CapitalCross Mid Distance 2026 – Canicross,17|20,,Canicross mid-distance,upcoming,Official venue states 17–20 km and explicitly includes runners with one dog.,https://www.spargelhof-klaistow.de/klaistower-schlittenhund-rennen/,,web/VDSV ecosystem import 2026-09-12
2026-12-05 to 2026-12-06,France,La Montendraise – Canitrail,not published (>9 per FFSLC rules),,dedicated FFSLC canitrail,upcoming,Official FFSLC calendar classifies this as Canitrail.,https://courses.ffslc.fr/calendar,https://ffslc.fr/wp-content/uploads/2025/06/REG-03.A21-Reglement-Canicross-Canitrail-Ski-joering.pdf,FFSLC verification 2026-09-12
2026-12-05 to 2026-12-06,Germany,Mühlberg – Canicross,not published,,VDSV dryland Mono / Canicross,upcoming,VDSV qualification/ranking race with Mono classes.,https://vdsv.de/kalender/,,VDSV Canicross import 2026-09-12
2026-12-05 to 2026-12-06,Germany,Silberbergtrail Wingst – Canicross,not published,,VDSV dryland Mono / Canicross,upcoming,VDSV dryland race with Mono classes.,https://vdsv.de/kalender/,,VDSV Canicross import 2026-09-12
2026-12-05 to 2026-12-06,Germany,Straßdorfer Staufertrail – Canicross,not published,,VDSV dryland Mono / Canicross,upcoming,VDSV dryland race with Mono classes.,https://vdsv.de/kalender/,,VDSV Canicross import 2026-09-12
2026-12-05 to 2026-12-06,France,Verrie Speed Dogs #2 – Canicross,not published,,FFSLC canicross event,upcoming,Official FFSLC calendar lists adult Canicross.,https://courses.ffslc.fr/calendar-map,https://courses.ffslc.fr/calendar,FFSLC Canicross import 2026-09-12
2026-12-06,UK,ATW Grafham Water 10 Mile Canicross,16.1,100,dedicated canicross distance,upcoming,Dedicated 10-mile canicross start at 09:00 around Grafham Water.,https://www.timeoutdoors.com/events/atw-grafham-water-trail-canicross/10-mile-canicross,,web verification 2026-09-12
2026-12-06,UK,Maidstone Harriers Turkey Run – Canicross,12.1,,separate canicross event,upcoming,7.5-mile multi-terrain Turkey Run with a separate canicross race; one dog per runner.,https://maidstoneharriers.co.uk/events-community/the-turkey-run/,,web verification 2026-09-12
2026-12-06,Germany,MOUNTAINMAN Nikolaus-Trail Pommelsbrunn – Dogs-Trail,12|17,370|530,own Dogs-Trail start window + separate ranking,upcoming,Dogs start in a separate afternoon time window; S and M only.,https://mountainman.de/trailrunning-events/hills/nikolaustrail-pommelsbrunn/dogs-trail/,,web verification 2026-09-11
2026-12-12 to 2026-12-13,France,Cross & Dog de Candé – Canicross,not published,,FFSLC canicross event,upcoming,Official FFSLC calendar lists adult Canicross alongside Canitrail.,https://courses.ffslc.fr/calendar-map,https://courses.ffslc.fr/calendar,FFSLC Canicross import 2026-09-12
2026-12-12 to 2026-12-13,France,Cross & Dog de Candé – Canitrail de Candé,not published (>9 per FFSLC rules),,FFSLC event with Canitrail,upcoming,Official FFSLC calendar lists Canitrail among the disciplines.,https://courses.ffslc.fr/calendar,https://ffslc.fr/wp-content/uploads/2025/06/REG-03.A21-Reglement-Canicross-Canitrail-Ski-joering.pdf,FFSLC verification 2026-09-12
2026-12-13,France,Championnat régional Occitanie – Red Paws Race #2 – Canicross,not published,,FFSLC regional canicross championship,upcoming,Official FFSLC calendar lists adult Canicross.,https://courses.ffslc.fr/calendar-map,https://courses.ffslc.fr/calendar,FFSLC Canicross import 2026-09-12
2026-12-13,UK,Sherwood Pines Festive Trail Runs,10,,canicross-friendly trail with separate canicross start,upcoming,10 km trail is canicross friendly with a 09:30 canicross start; 5 km excluded here.,https://www.wilddeerevents.co.uk/e/sherwood-pines-festive-trail-runs-2026-14700,,web verification 2026-09-12
2027-01-09,UK,Yorkshire Trail Runs – Harewood House,10|21.1,,canicross-friendly regular trail with separate starts,registration open,10 km and half marathon have separate canicross start times; 5 km excluded here.,https://www.wilddeerevents.co.uk/e/yorkshire-trail-runs-2027-harewood-house-14484,,web verification 2026-09-12
2027-01-10,France,Canicross de Cergy – L'île aux trésors 2027,not published,,dedicated FFSLC canicross,announced,Official FFSLC 2027 calendar event.,https://courses.ffslc.fr/calendar,,FFSLC Canicross import 2026-09-12
2027-01-24,France,Canicross de l'XTREM – 5e édition,not published,,dedicated FFSLC canicross,announced,Official FFSLC 2027 calendar event.,https://courses.ffslc.fr/calendar,,FFSLC Canicross import 2026-09-12
2027-01-24,Germany,MOUNTAINMAN Dogs-Winterloop Reit im Winkl,7.5 km loops,110 per loop,dog-only event day,registration open,3-hour challenge; Sunday reserved for dog teams.,https://mountainman.de/trailrunning-events/alps/winterloop-reit-im-winkl/dogs-trail/,,web verification 2026-09-11
2027-01-30 to 2027-01-31,France,CANI TROPHY FONTAINEBLEAU 2027 – Canicross,not published,,FFSLC canicross event,announced,Official FFSLC 2027 calendar lists adult Canicross.,https://courses.ffslc.fr/calendar-map,https://courses.ffslc.fr/calendar,FFSLC Canicross import 2026-09-12
2027-01-30 to 2027-01-31,France,CANI TROPHY FONTAINEBLEAU 2027 – Canitrail,not published (>9 per FFSLC rules),,FFSLC event with Canitrail,announced,Official FFSLC calendar lists Canitrail among the disciplines.,https://courses.ffslc.fr/calendar,https://ffslc.fr/wp-content/uploads/2025/06/REG-03.A21-Reglement-Canicross-Canitrail-Ski-joering.pdf,FFSLC verification 2026-09-12
2027-01-30 to 2027-01-31,France,Trophée Canin des Plages 2027 – Canicross,not published,,FFSLC canicross event,announced,Official FFSLC 2027 calendar event.,https://courses.ffslc.fr/calendar,,FFSLC Canicross import 2026-09-12
2027-02-06,UK,Limitless Trails – Trails & Tarmac Winter 12h BYU,4.2 mile loops up to 12h,,canicross-friendly endurance event,registration open,12-hour backyard format on 4.2-mile loops; organiser states its events are canicross friendly.,https://www.limitlesstrails.co.uk/trails-and-tarmac-byu-2,https://www.limitlesstrails.co.uk/canicross-menu,web verification 2026-09-12
2027-02-07,France,Doggy Deûle Run #2 – Canicross,not published,,FFSLC canicross event,announced,Official FFSLC 2027 calendar event.,https://courses.ffslc.fr/calendar,,FFSLC Canicross import 2026-09-12
2027-02-07,France,La Canidé'forts – 4e édition – Canicross,not published,,FFSLC canicross event,announced,Official FFSLC calendar lists adult Canicross.,https://courses.ffslc.fr/calendar-map,https://courses.ffslc.fr/calendar,FFSLC Canicross import 2026-09-12
2027-02-07,UK,Lakeland Paws – Whinlatter Tails South Side,10,400,dedicated canicross event,registration open,2026/27 series date is 7 Feb; South Side route offers a 10 km long option with about 400 m ascent.,https://lakelandpaws.com/events/,https://lakelandpaws.com/whinlatter-tails-south-side/,web verification 2026-09-12
2027-02-13 to 2027-02-14,France,5th Dirty Dog Race – Canicross,not published,,FFSLC canicross event,announced,Official FFSLC 2027 calendar event.,https://courses.ffslc.fr/calendar,,FFSLC Canicross import 2026-09-12
2027-02-13 to 2027-02-14,France,Les Courses de l'Étang – Canicross,not published,,FFSLC canicross event,announced,Official FFSLC 2027 calendar event.,https://courses.ffslc.fr/calendar,,FFSLC Canicross import 2026-09-12
2027-02-13 to 2027-02-19,France,Trophée des Lacs – Canicross,not published,,FFSLC canicross event,announced,Official FFSLC 2027 calendar event.,https://courses.ffslc.fr/calendar,,FFSLC Canicross import 2026-09-12
2027-02-27 to 2027-02-28,Germany,Schwabentrail – Canicross,not published,,VDSV dryland Mono / Canicross,announced,VDSV calendar lists Schwabentrail as dryland race.,https://vdsv.de/kalender/,,VDSV Canicross import 2026-09-12
2027-02-28,UK,Fountains Abbey Wild Trail Runs,10|21.1,,canicross-friendly regular trail,registration open,10 km and half marathon are canicross friendly; one controlled dog per runner. 5 km excluded here.,https://gotrail.run/en/race/fountains-abbey-wild-trail-runs,https://www.wilddeerevents.co.uk/,web verification 2026-09-12
2027-02-28,France,Interclub Manchois – Canicross,not published,,FFSLC canicross event,announced,Official FFSLC 2027 calendar event.,https://courses.ffslc.fr/calendar,,FFSLC Canicross import 2026-09-12
2027-02-28,UK,Run With K9s – Endurance Relay,2.5 km laps / 3h,,dedicated canicross endurance event,registration open,Solo or teams of up to 3 complete as many 2.5 km laps as possible in 3 hours.,https://www.runwithk9s.com/canicrossrelays,,web verification 2026-09-12
2027-03-06,UK,Limitless Trails – Beast of the Blacks,16.9|32.5|65,468|1360|2720,canicross-friendly mountain trail,registration open,"Official event page explicitly allows canicross on 10-, 20- and 40-mile routes.",https://www.limitlesstrails.co.uk/beast-of-the-blacks,,web verification 2026-09-12
2027-03-07,UK,Lakeland Paws – Tour de Grizedale,12|22,,dedicated canicross event,registration open,Official route page lists 12 km and 22 km / half-marathon canicross options.,https://lakelandpaws.com/grizedale-growl-tour-de-grizedale/,https://www.sientries.co.uk/event.php?elid=Y&event_id=17822,web verification 2026-09-12
2027-03-13 to 2027-03-14,Germany,Vulcanicross – Canicross,not published,,VDSV dryland Mono / Canicross,announced,VDSV calendar lists Vulcanicross as season-closing dryland Mono race.,https://vdsv.de/kalender/,,VDSV Canicross import 2026-09-12
2027-03-20,UK,Grasmere Wild Trail Runs,10|21.1,,canicross-friendly regular trail with separate start,registration open,10 km and half marathon are canicross friendly with a separate dog start; 5 km excluded here.,https://www.wilddeerevents.co.uk/e/grasmere-wild-trail-runs-2027-14493,,web verification 2026-09-12
2027-04-03 to 2027-04-04,France,Canicross du Lac des Sapins,not published,,dedicated FFSLC canicross,announced,Official FFSLC 2027 calendar event.,https://courses.ffslc.fr/calendar,,FFSLC Canicross import 2026-09-12
2027-04-04,UK,Lakeland Paws – Tour de Whinlatter,12,,dedicated canicross event,registration open,9 km and 12 km offered; only the 12 km option is retained under the >=10 km rule.,https://www.sientries.co.uk/event.php?elid=Y&event_id=17842,https://lakelandpaws.com/events/,web verification 2026-09-12
2027-04-04,UK,Scone Palace Trail Runs,10|21.1,,canicross-friendly regular trail,registration open,10 km and half marathon are canicross friendly; one controlled dog per runner. 5 km excluded here.,https://www.wilddeerevents.co.uk/e/scone-palace-trail-runs-2026-14510,,web verification 2026-09-12
2027-04-10 to 2027-04-11,France,Canicross XtremTrail de Brameloup – Canicross,not published,,FFSLC canicross event,announced,Official FFSLC 2027 calendar event; separate Canitrail row already exists in master data.,https://courses.ffslc.fr/calendar,,FFSLC Canicross import 2026-09-12
2027-04-10 to 2027-04-11,France,Canicross XtremTrail de Brameloup – Canitrail,not published (>9 per FFSLC rules),,FFSLC event with Canitrail,announced,Official FFSLC calendar lists Canitrail among the disciplines.,https://courses.ffslc.fr/calendar,https://ffslc.fr/wp-content/uploads/2025/06/REG-03.A21-Reglement-Canicross-Canitrail-Ski-joering.pdf,FFSLC verification 2026-09-12
2027-04-17,UK,Limitless Trails – Beast of the Beacons,16|32.5|65,617|1286|2572,canicross-friendly mountain trail,registration open,"Official event page explicitly allows canicross on 10-, 20- and 40-mile routes.",https://www.limitlesstrails.co.uk/beast-of-the-beacons,,web verification 2026-09-12
2027-04-24 to 2027-04-25,France,4e Castel'Canicross de Blangy le Château – Canicross,not published,,dedicated FFSLC canicross,announced,Official FFSLC 2027 calendar event; separate Canitrail row already exists in master data.,https://courses.ffslc.fr/calendar,,FFSLC Canicross import 2026-09-12
2027-04-24 to 2027-04-25,France,4eme Castel'Canicross de Blangy le Château – Canitrail,not published (>9 per FFSLC rules),,FFSLC event with Canitrail,announced,Official FFSLC calendar lists Canitrail among the disciplines.,https://courses.ffslc.fr/calendar,https://ffslc.fr/wp-content/uploads/2025/06/REG-03.A21-Reglement-Canicross-Canitrail-Ski-joering.pdf,FFSLC verification 2026-09-12
2027-05-08,Germany,MOUNTAINMAN Nesselwang – Dogs-Trail,21 + S-distance,1268 + S not captured,own dog starts + separate ranking,registration open,"M trail confirmed at 21 km / 1,268 hm; dog slots limited to about 150.",https://mountainman.de/trailrunning-events/alps/nesselwang/dogs-trail/,,web verification 2026-09-11
2027-05-15,France,Les Gendarmes et les Voleurs de Temps – CaniTrail,11,221,dedicated canitrail,announced,"2027 event weekend is 15–16 May; canitrail page lists Saturday 15 May, 11 km.",https://gendarmes-et-voleurs.com/canitrail/,,web verification 2026-09-11
2027-07-10,UK,Limitless Trails – Tenacious Ten Endurance Challenge,4.18 km loops / 10h,324 per loop,canicross-friendly endurance event,registration open,10-hour technical loop challenge; organiser's canicross page states its events are canicross friendly.,https://www.limitlesstrails.co.uk/tenacious-ten,https://www.limitlesstrails.co.uk/canicross-menu,web verification 2026-09-12
