Proposal ID,Date,Country,Event,Primary source,Final URL,Proposed action,Confidence,Evidence,Review status,Created,Last checked
EV-8A6F6D89F7,2026-01-11,France,Canicross de Cergy – L'île aux trésors,https://courses.ffslc.fr/event-fiche/946,https://courses.ffslc.fr/event-fiche/946,verify-date,medium,Stored event year/date was not found in fetched source text.,pending,2026-09-21,2026-09-23
EV-34332DB5BE,2026-01-17,Austria,MOUNTAINMAN Wintertrail Mittersill-KitzSki,https://www.lg-mettenheim.de/veranstaltungen/mountainman-wintersill_20260117,https://www.lg-mettenheim.de/veranstaltungen/mountainman-wintersill_20260117,verify-dog-eligibility,medium,Dog discipline/access marker was not found in fetched source text.,pending,2026-09-21,2026-09-23
EV-9C2366FCAC,2026-01-24 to 2026-01-25,France,CANI TROPHY FONTAINEBLEAU 2026 – Canicross,https://courses.ffslc.fr/event-fiche/971,https://courses.ffslc.fr/event-fiche/971,verify-date,medium,Stored event year/date was not found in fetched source text.,pending,2026-09-21,2026-09-23
EV-CE7FEEB460,2026-02-08,France,Trail des Fontaines,https://chrono-start.com/events/trail-des-fontaines-624-922-102/,https://chrono-start.com/events/trail-des-fontaines/,verify-date,medium,Stored event year/date was not found in fetched source text.,pending,2026-09-21,2026-09-23
EV-2242C098A3,2026-03-07 to 2026-03-08,France,Championnats de France Terre 2026 – Canicross,https://courses.ffslc.fr/event-fiche/906,https://courses.ffslc.fr/event-fiche/906,verify-date,medium,Stored event year/date was not found in fetched source text.,pending,2026-09-21,2026-09-23
EV-4C7C2F1593,2026-03-21 to 2026-03-22,Germany,VulCanicross – Bubeck Tour,https://vdsv.de/Veranstaltung/vulcanicross/,https://vdsv.de/2022/03/01/vulcanicross-des-scvh-vom-02-03-04-2022/,verify-event-identity,medium,Event-name match against fetched source text is weak.,pending,2026-09-21,2026-09-23
EV-620C567F2A,2026-04-04 to 2026-04-05,France,6e Canicross du Domaine de Givray,https://courses.ffslc.fr/event-fiche/970,https://courses.ffslc.fr/event-fiche/970,verify-date,medium,Stored event year/date was not found in fetched source text.,pending,2026-09-21,2026-09-23
EV-0D38CEBB71,2026-04-11 to 2026-04-12,Slovakia,Bosorkin Canicross 2026 – spring round,https://mushing.sk/pretek/bosorkin-canicross-2026-1-jarne-kolo/,https://mushing.sk/pretek/bosorkin-canicross-2026-1-jarne-kolo/,review-source-change,medium,Source fingerprint changed since the previous validation.,pending,2026-09-21,2026-09-23
EV-60FEC38446,2026-04-25 to 2026-04-26,France,Trophée d'Agy 2026 – Canitrail,https://courses.ffslc.fr/event-fiche/1051,https://courses.ffslc.fr/event-fiche/1051,verify-date,medium,Stored event year/date was not found in fetched source text.,pending,2026-09-21,2026-09-23
EV-F425D65410,2026-05-02 to 2026-05-03,France,3e Castel'Canicross de Blangy le Château – Canicross,https://courses.ffslc.fr/event-fiche/992,https://courses.ffslc.fr/event-fiche/992,verify-date,medium,Stored event year/date was not found in fetched source text.,pending,2026-09-21,2026-09-23
EV-11AF8EF1D8,2026-05-08 to 2026-05-10,UK,Mynydd Y Gaer Mountain Challenge,https://www.canitrailuk.co.uk/cani-trail-mountain-challenge,https://www.canitrailuk.co.uk/cani-trail-mountain-challenge,replace-source-or-confirm-cancelled,high,Primary source returns HTTP 404.,pending,2026-09-21,2026-09-23
EV-EBD40B49E9,2026-05-24,France,5e Cani-Cross des Sénons,https://courses.ffslc.fr/event-fiche/1067,https://courses.ffslc.fr/event-fiche/1067,verify-date,medium,Stored event year/date was not found in fetched source text.,pending,2026-09-21,2026-09-23
EV-85A0191A5B,2026-05-30,Italy,CLUT / UltraKtrail / Chien Ultra K,https://www.clut.run/quote-e-regolamento/,https://www.clut.run/quote-e-regolamento/,verify-dog-eligibility,medium,Dog discipline/access marker was not found in fetched source text.,pending,2026-09-21,2026-09-23
EV-1B3612E581,2026-05-30 to 2026-05-31,France,Canitrail des biches,https://courses.ffslc.fr/event-fiche/1121/,https://courses.ffslc.fr/event-fiche/1121/,verify-date,medium,Stored event year/date was not found in fetched source text.,pending,2026-09-21,2026-09-23
EV-D53AD34F8D,2026-08-09,France,Canitrail dans le Taillefer,https://courses.ffslc.fr/calendar,https://courses.ffslc.fr/calendar,verify-date,medium,Stored event year/date was not found in fetched source text.,pending,2026-09-21,2026-09-23
EV-EB65215B11,2026-08-22 to 2026-08-23,France,Canitrail sur les traces de Stevenson,https://courses.ffslc.fr/calendar,https://courses.ffslc.fr/calendar,verify-date,medium,Stored event year/date was not found in fetched source text.,pending,2026-09-21,2026-09-23
EV-0E3B6B9D9B,2026-08-29 to 2026-08-30,France,Trophée de Sirius des Aiguilles d'Arves,https://courses.ffslc.fr/calendar,https://courses.ffslc.fr/calendar,verify-date,medium,Stored event year/date was not found in fetched source text.,pending,2026-09-21,2026-09-23
EV-23F1F190E4,2026-09-11,Germany,TOUGH HUNTER Nachtlauf 2026,https://tough-cross.de/tough-hunter/,https://tough-cross.de/tough-hunter/,verify-date,medium,Stored event year/date was not found in fetched source text.,pending,2026-09-21,2026-09-23
EV-5123FD7B7C,2026-09-12 to 2026-09-13,France,Woofest,https://courses.ffslc.fr/calendar,https://courses.ffslc.fr/calendar,verify-date,medium,Stored event year/date was not found in fetched source text.,pending,2026-09-21,2026-09-23
EV-322A01515E,2026-09-13,France,Canitrail des montées du Daubenschlag,https://courses.ffslc.fr/event-fiche/1153/,https://courses.ffslc.fr/event-fiche/1153/,verify-date,medium,Stored event year/date was not found in fetched source text.,pending,2026-09-21,2026-09-23
EV-1F420BCB92,2026-09-13,France,Woofest – Canicross,https://courses.ffslc.fr/event-fiche/1197,https://courses.ffslc.fr/event-fiche/1197,verify-date,medium,Stored event year/date was not found in fetched source text.,pending,2026-09-21,2026-09-23
EV-4E8A1C103C,2026-09-19,France,Canicross du lac de Chour,https://courses.ffslc.fr/calendar-map,https://courses.ffslc.fr/calendar-map,verify-date,medium,Stored event year/date was not found in fetched source text.,pending,2026-09-21,2026-09-23
EV-BB0F2F09E1,2026-09-20,France,Interclub des menhirs – Canicross,https://courses.ffslc.fr/calendar-map,https://courses.ffslc.fr/calendar-map,verify-date,medium,Stored event year/date was not found in fetched source text.,pending,2026-09-21,2026-09-23
EV-6BF742555A,2026-09-26 to 2026-09-27,France,Canifadas de Gréolières,https://courses.ffslc.fr/calendar,https://courses.ffslc.fr/calendar,verify-date,medium,Stored event year/date was not found in fetched source text.,pending,2026-09-21,2026-09-23
EV-9E55453211,2026-09-26 to 2026-09-27,France,Canifadas de Gréolières – Canicross,https://courses.ffslc.fr/calendar-map,https://courses.ffslc.fr/calendar-map,verify-date,medium,Stored event year/date was not found in fetched source text.,pending,2026-09-21,2026-09-23
EV-5808C0B1BA,2026-09-26 to 2026-09-27,France,Roazhon Run – Canicross,https://courses.ffslc.fr/calendar-map,https://courses.ffslc.fr/calendar-map,verify-date,medium,Stored event year/date was not found in fetched source text.,pending,2026-09-21,2026-09-23
EV-40F92CF22E,2026-09-26 to 2026-09-27,Switzerland,Canicross Yens,https://swiss-canicross.ch/de/nos-courses/,https://swiss-canicross.ch/de/nos-courses/,verify-event-identity,medium,Event-name match against fetched source text is weak.,pending,2026-09-21,2026-09-23
EV-0C6581E814,2026-09-27,France,7e Canicross de Bully,https://courses.ffslc.fr/calendar-map,https://courses.ffslc.fr/calendar-map,verify-date,medium,Stored event year/date was not found in fetched source text.,pending,2026-09-21,2026-09-23
EV-5271A35BF0,2026-10-03 to 2026-10-04,Belgium,Genk – BCF Canicross,https://vlaamsecanicrossfed.wixsite.com/canicross,https://vlaamsecanicrossfed.wixsite.com/canicross,verify-event-identity,medium,Event-name match against fetched source text is weak.,pending,2026-09-21,2026-09-23
EV-C84B2940F8,2026-10-03 to 2026-10-04,France,14e Challenge Canicrossbreizh – Canicross,https://courses.ffslc.fr/calendar-map,https://courses.ffslc.fr/calendar-map,verify-date,medium,Stored event year/date was not found in fetched source text.,pending,2026-09-21,2026-09-23
EV-DB3D7B0239,2026-10-03 to 2026-10-04,France,14ème Challenge Canicrossbreizh,https://courses.ffslc.fr/calendar,https://courses.ffslc.fr/calendar,verify-date,medium,Stored event year/date was not found in fetched source text.,pending,2026-09-21,2026-09-23
EV-C26FDCBB24,2026-10-03 to 2026-10-04,France,Canicross de la Meute,https://courses.ffslc.fr/calendar,https://courses.ffslc.fr/calendar,verify-date,medium,Stored event year/date was not found in fetched source text.,pending,2026-09-21,2026-09-23
EV-EB7A361D3B,2026-10-03 to 2026-10-04,France,Canicross de la Meute – Canicross,https://courses.ffslc.fr/calendar-map,https://courses.ffslc.fr/calendar-map,verify-date,medium,Stored event year/date was not found in fetched source text.,pending,2026-09-21,2026-09-23
EV-2C0AD4E62B,2026-10-03 to 2026-10-04,France,À'crocs de la vallée du Thouet #2,https://courses.ffslc.fr/calendar,https://courses.ffslc.fr/calendar,verify-date,medium,Stored event year/date was not found in fetched source text.,pending,2026-09-21,2026-09-23
EV-064C9804BD,2026-10-03 to 2026-10-04,France,À'crocs de la vallée du Thouet #2 – Canicross,https://courses.ffslc.fr/calendar-map,https://courses.ffslc.fr/calendar-map,verify-date,medium,Stored event year/date was not found in fetched source text.,pending,2026-09-21,2026-09-23
EV-623CE85BAE,2026-10-03 to 2026-10-04,Poland,SKYLOS Twisted Trails – IFSS World Cup / Polish Cup,https://sleddogsport.net/events/,https://sleddogsport.net/events/,review-source-change,medium,Source fingerprint changed since the previous validation.,pending,2026-09-21,2026-09-23
EV-6410EFA3BE,2026-10-04,France,Canicross de Bourghelles – 4e édition,https://courses.ffslc.fr/calendar-map,https://courses.ffslc.fr/calendar-map,verify-date,medium,Stored event year/date was not found in fetched source text.,pending,2026-09-21,2026-09-23
EV-9FD87CB6E3,2026-10-04,France,Canitrail des Bagnards,https://courses.ffslc.fr/calendar,https://courses.ffslc.fr/calendar,verify-date,medium,Stored event year/date was not found in fetched source text.,pending,2026-09-21,2026-09-23
EV-785A8F3E91,2026-10-10,France,Ouaffastienne et Maxiouaffastienne,https://courses.ffslc.fr/calendar,https://courses.ffslc.fr/calendar,verify-date,medium,Stored event year/date was not found in fetched source text.,pending,2026-09-21,2026-09-23
EV-013978EFF6,2026-10-10 to 2026-10-11,France,ACCRO'RUN #5 – Canicross,https://courses.ffslc.fr/calendar-map,https://courses.ffslc.fr/calendar-map,verify-date,medium,Stored event year/date was not found in fetched source text.,pending,2026-09-21,2026-09-23
EV-432A415854,2026-10-17,France,Canitrail des Cadoles,https://courses.ffslc.fr/calendar,https://courses.ffslc.fr/calendar,verify-date,medium,Stored event year/date was not found in fetched source text.,pending,2026-09-21,2026-09-23
EV-F17A260993,2026-10-17,France,La Tractopattes – Canicross caritatif,https://courses.ffslc.fr/calendar,https://courses.ffslc.fr/calendar,verify-date,medium,Stored event year/date was not found in fetched source text.,pending,2026-09-21,2026-09-23
EV-D6B0468E00,2026-10-17 to 2026-10-18,France,La Wati'Dogs Run II – Canicross,https://courses.ffslc.fr/calendar,https://courses.ffslc.fr/calendar,verify-date,medium,Stored event year/date was not found in fetched source text.,pending,2026-09-21,2026-09-23
EV-DA497785AC,2026-10-17 to 2026-10-23,France,7e Challenge Trans'Pyr Ariégeois – Canicross,https://courses.ffslc.fr/calendar,https://courses.ffslc.fr/calendar,verify-date,medium,Stored event year/date was not found in fetched source text.,pending,2026-09-21,2026-09-23
EV-D7A1E706B5,2026-10-18,France,Canicross Val de Loire #17,https://courses.ffslc.fr/calendar,https://courses.ffslc.fr/calendar,verify-date,medium,Stored event year/date was not found in fetched source text.,pending,2026-09-21,2026-09-23
EV-B3B553088F,2026-10-18,France,Canitrail de la Brie,https://courses.ffslc.fr/calendar,https://courses.ffslc.fr/calendar,verify-date,medium,Stored event year/date was not found in fetched source text.,pending,2026-09-21,2026-09-23
EV-AB4014A6A7,2026-10-18,France,La Tractopattes – Championnat Régional R7 Canicross,https://courses.ffslc.fr/event-fiche/1133/tests/,https://courses.ffslc.fr/event-fiche/1133/tests/,verify-date,medium,Stored event year/date was not found in fetched source text.,pending,2026-09-21,2026-09-23
EV-3ACEF44A52,2026-10-18,France,Les Régionaux de Manehouarn – Canicross R9,https://courses.ffslc.fr/calendar,https://courses.ffslc.fr/calendar,verify-date,medium,Stored event year/date was not found in fetched source text.,pending,2026-09-21,2026-09-23
EV-6BFE3FCCDA,2026-10-24,Belgium,Etalle – BCF Canicross,https://vlaamsecanicrossfed.wixsite.com/canicross,https://vlaamsecanicrossfed.wixsite.com/canicross,verify-event-identity,medium,Event-name match against fetched source text is weak.,pending,2026-09-21,2026-09-23
EV-6CBEDF3487,2026-10-24,France,La Canidé'cathlon #2 – Canicross,https://courses.ffslc.fr/event-fiche/1160/,https://courses.ffslc.fr/event-fiche/1160/,verify-date,medium,Stored event year/date was not found in fetched source text.,pending,2026-09-21,2026-09-23
EV-B59F46B5C6,2026-10-24 to 2026-10-25,Germany,Harzer Luchstrail – Canicross,https://vdsv.de/kalender/,https://vdsv.de/kalender/,verify-event-identity,medium,Event-name match against fetched source text is weak.,pending,2026-09-21,2026-09-23
EV-00A776FB2F,2026-10-25,France,La CaniVertaco – Canicross,https://courses.ffslc.fr/calendar,https://courses.ffslc.fr/calendar,verify-date,medium,Stored event year/date was not found in fetched source text.,pending,2026-09-21,2026-09-23
EV-379E7ED727,2026-10-30 to 2026-11-01,Sweden,Swedish Championship Nybro,https://www.swedenbcd.se/,https://www.swedenbcd.se/,verify-event-identity,medium,Event-name match against fetched source text is weak.,pending,2026-09-21,2026-09-23
EV-30A1E1F285,2026-10-31,France,Trail du Calvaire,https://courses.ffslc.fr/calendar,https://courses.ffslc.fr/calendar,verify-date,medium,Stored event year/date was not found in fetched source text.,pending,2026-09-21,2026-09-23
EV-F3CD8A2B42,2026-11-07,France,Canicross de Gallician – Acte 2,https://courses.ffslc.fr/calendar,https://courses.ffslc.fr/calendar,verify-date,medium,Stored event year/date was not found in fetched source text.,pending,2026-09-21,2026-09-23
EV-C2F0DDE64F,2026-11-07 to 2026-11-08,France,La Crocôtière #5 – Canicross,https://courses.ffslc.fr/calendar,https://courses.ffslc.fr/calendar,verify-date,medium,Stored event year/date was not found in fetched source text.,pending,2026-09-21,2026-09-23
EV-F4E49D0A83,2026-11-07 to 2026-11-08,Germany,Visbek – Canicross,https://www.zughunde-nds.de/events-und-ergebnisse/,https://www.zughunde-nds.de/events-und-ergebnisse/,manual-source-check,medium,Automated access failed (403); do not infer an event change.,pending,2026-09-21,2026-09-23
EV-AE5F1CFA99,2026-11-08,France,Canicross d'Eschau,https://courses.ffslc.fr/calendar,https://courses.ffslc.fr/calendar,verify-date,medium,Stored event year/date was not found in fetched source text.,pending,2026-09-21,2026-09-23
EV-36FBA3E260,2026-11-08,France,La Cani Haut-Marnaise – Canicross,https://courses.ffslc.fr/calendar,https://courses.ffslc.fr/calendar,verify-date,medium,Stored event year/date was not found in fetched source text.,pending,2026-09-21,2026-09-23
EV-968FE7DF24,2026-11-08,France,La Cani Haut-Marnaise – Canitrail,https://courses.ffslc.fr/calendar,https://courses.ffslc.fr/calendar,verify-date,medium,Stored event year/date was not found in fetched source text.,pending,2026-09-21,2026-09-23
EV-14C13C37F3,2026-11-14,France,Canicross de la Vente des Vins des Hospices de Beaune,https://courses.ffslc.fr/calendar,https://courses.ffslc.fr/calendar,verify-date,medium,Stored event year/date was not found in fetched source text.,pending,2026-09-21,2026-09-23
EV-619DEB6D57,2026-11-14,France,Canitrail d’Eguzon,https://courses.ffslc.fr/calendar,https://courses.ffslc.fr/calendar,verify-date,medium,Stored event year/date was not found in fetched source text.,pending,2026-09-21,2026-09-23
EV-9F3FB073E0,2026-11-14 to 2026-11-15,Germany,Ströhen – Canicross,https://tierpark-stroehen.de/veranstaltungen,https://tierpark-stroehen.de/veranstaltungen,verify-event-identity,medium,Event-name match against fetched source text is weak.,pending,2026-09-21,2026-09-23
EV-FEA71FEE97,2026-11-15,France,Championnat de Normandie – 17e Canicross du Bois du Roule,https://courses.ffslc.fr/calendar-map,https://courses.ffslc.fr/calendar-map,verify-date,medium,Stored event year/date was not found in fetched source text.,pending,2026-09-21,2026-09-23
EV-FB58FF5F29,2026-11-19 to 2026-11-22,Germany,WSA WM Ströhen – Canicross / Mono,https://vdsv.de/Veranstaltung/stroehen-2024-2-2/,https://vdsv.de/Veranstaltung/stroehen-2024-2-2/,replace-source-or-confirm-cancelled,high,Primary source returns HTTP 404.,pending,2026-09-21,2026-09-23
EV-5F87740CA1,2026-11-21,France,Canicross Coucy la Ville,https://courses.ffslc.fr/calendar,https://courses.ffslc.fr/calendar,verify-date,medium,Stored event year/date was not found in fetched source text.,pending,2026-09-21,2026-09-23
EV-BE81ACCF77,2026-11-21 to 2026-11-22,Germany,Frankonia Open – Lauf an der Pegnitz – Canicross,https://vdsv.de/kalender/,https://vdsv.de/kalender/,verify-event-identity,medium,Event-name match against fetched source text is weak.,pending,2026-09-21,2026-09-23
EV-3C23B0F5A9,2026-11-22,France,Canicross de Maurepas – 2e édition,https://courses.ffslc.fr/calendar,https://courses.ffslc.fr/calendar,verify-date,medium,Stored event year/date was not found in fetched source text.,pending,2026-09-21,2026-09-23
EV-8B6D71C42E,2026-11-22,France,La Course Des Rives – Canicross,https://courses.ffslc.fr/calendar-map,https://courses.ffslc.fr/calendar-map,verify-date,medium,Stored event year/date was not found in fetched source text.,pending,2026-09-21,2026-09-23
EV-C402B2DD88,2026-11-22,France,Régional R6 – Canicross,https://courses.ffslc.fr/calendar-map,https://courses.ffslc.fr/calendar-map,verify-date,medium,Stored event year/date was not found in fetched source text.,pending,2026-09-21,2026-09-23
EV-606484E6D7,2026-11-28 to 2026-11-29,Germany,CapitalCross 2026 – Canicross,https://vdsv.de/kalender/,https://vdsv.de/kalender/,verify-event-identity,medium,Event-name match against fetched source text is weak.,pending,2026-09-21,2026-09-23
EV-6FCCF847B9,2026-11-29,France,Canicross de la Côte d'Opale – Étaples-sur-Mer,https://courses.ffslc.fr/calendar,https://courses.ffslc.fr/calendar,verify-date,medium,Stored event year/date was not found in fetched source text.,pending,2026-09-21,2026-09-23
EV-E7A114E34B,2026-12-05 to 2026-12-06,France,La Montendraise – Canitrail,https://courses.ffslc.fr/calendar,https://courses.ffslc.fr/calendar,verify-date,medium,Stored event year/date was not found in fetched source text.,pending,2026-09-21,2026-09-23
EV-F37BFFAA46,2026-12-05 to 2026-12-06,France,Verrie Speed Dogs #2 – Canicross,https://courses.ffslc.fr/calendar-map,https://courses.ffslc.fr/calendar-map,verify-date,medium,Stored event year/date was not found in fetched source text.,pending,2026-09-21,2026-09-23
EV-A035A14AA2,2026-12-05 to 2026-12-06,Germany,Mühlberg – Canicross,https://vdsv.de/kalender/,https://vdsv.de/kalender/,verify-event-identity,medium,Event-name match against fetched source text is weak.,pending,2026-09-21,2026-09-23
EV-6F9B0D89FA,2026-12-05 to 2026-12-06,Germany,Silberbergtrail Wingst – Canicross,https://vdsv.de/kalender/,https://vdsv.de/kalender/,verify-event-identity,medium,Event-name match against fetched source text is weak.,pending,2026-09-21,2026-09-23
EV-2B39E07D0E,2026-12-05 to 2026-12-06,Germany,Straßdorfer Staufertrail – Canicross,https://vdsv.de/kalender/,https://vdsv.de/kalender/,verify-event-identity,medium,Event-name match against fetched source text is weak.,pending,2026-09-21,2026-09-23
EV-89D86914C9,2026-12-06,UK,ATW Grafham Water 10 Mile Canicross,https://www.timeoutdoors.com/events/atw-grafham-water-trail-canicross/10-mile-canicross,https://www.timeoutdoors.com/events/atw-grafham-water-trail-canicross/10-mile-canicross,manual-source-check,medium,Automated access failed (403); do not infer an event change.,pending,2026-09-21,2026-09-23
EV-E2F02BD9E6,2026-12-12 to 2026-12-13,France,Cross & Dog de Candé – Canicross,https://courses.ffslc.fr/calendar-map,https://courses.ffslc.fr/calendar-map,verify-date,medium,Stored event year/date was not found in fetched source text.,pending,2026-09-21,2026-09-23
EV-FE319FE9E2,2026-12-12 to 2026-12-13,France,Cross & Dog de Candé – Canitrail de Candé,https://courses.ffslc.fr/calendar,https://courses.ffslc.fr/calendar,verify-date,medium,Stored event year/date was not found in fetched source text.,pending,2026-09-21,2026-09-23
EV-21A0FDE12F,2026-12-13,France,Championnat régional Occitanie – Red Paws Race #2 – Canicross,https://courses.ffslc.fr/calendar-map,https://courses.ffslc.fr/calendar-map,verify-date,medium,Stored event year/date was not found in fetched source text.,pending,2026-09-21,2026-09-23
EV-74E2ECD66A,2027-01-03,UK,Lakeland Paws – Grizedale Growl East Side,https://lakelandpaws.com/events/,https://lakelandpaws.com/events/,review-source-change,medium,Source fingerprint changed since the previous validation.,pending,2026-09-21,2026-09-23
EV-35F95ED00D,2027-01-10,France,Canicross de Cergy – L'île aux trésors,https://courses.ffslc.fr/calendar,https://courses.ffslc.fr/calendar,verify-date,medium,Stored event year/date was not found in fetched source text.,pending,2026-09-21,2026-09-23
EV-9BE578D770,2027-01-16,UK,Maverick New Forest Gravel 2027,https://www.maverick-race.com/products/2027/2027-01-16,https://www.maverick-race.com/products/2027/2027-01-16,manual-source-check,medium,Automated access failed (403); do not infer an event change.,pending,2026-09-21,2026-09-23
EV-71E54C7DB3,2027-01-24,France,Canicross de l'XTREM – 5e édition,https://courses.ffslc.fr/calendar,https://courses.ffslc.fr/calendar,verify-date,medium,Stored event year/date was not found in fetched source text.,pending,2026-09-21,2026-09-23
EV-56F578B3A9,2027-01-24,Netherlands,Nederlands Kampioenschap CC/BJ/Step,https://www.canicrossnederland.nl/kalender20262027.html,https://www.canicrossnederland.nl/kalender20262027.html,verify-event-identity,medium,Event-name match against fetched source text is weak.,pending,2026-09-21,2026-09-23
EV-2C9D79DF1F,2027-01-30 to 2027-01-31,France,CANI TROPHY FONTAINEBLEAU 2027,https://courses.ffslc.fr/calendar,https://courses.ffslc.fr/calendar,verify-date,medium,Stored event year/date was not found in fetched source text.,pending,2026-09-21,2026-09-23
EV-D60B80C2B0,2027-01-30 to 2027-01-31,France,CANI TROPHY FONTAINEBLEAU 2027 – Canicross,https://courses.ffslc.fr/calendar-map,https://courses.ffslc.fr/calendar-map,verify-date,medium,Stored event year/date was not found in fetched source text.,pending,2026-09-21,2026-09-23
EV-0FDC320873,2027-01-30 to 2027-01-31,France,CANI TROPHY FONTAINEBLEAU 2027 – Canitrail,https://courses.ffslc.fr/calendar,https://courses.ffslc.fr/calendar,verify-date,medium,Stored event year/date was not found in fetched source text.,pending,2026-09-21,2026-09-23
EV-9874512158,2027-01-30 to 2027-01-31,France,Trophée Canin des Plages 2027,https://courses.ffslc.fr/calendar,https://courses.ffslc.fr/calendar,verify-date,medium,Stored event year/date was not found in fetched source text.,pending,2026-09-21,2026-09-23
EV-3B5C22E4FB,2027-01-30 to 2027-01-31,France,Trophée Canin des Plages 2027 – Canicross,https://courses.ffslc.fr/calendar,https://courses.ffslc.fr/calendar,verify-date,medium,Stored event year/date was not found in fetched source text.,pending,2026-09-21,2026-09-23
EV-25841356A4,2027-02-07,France,Doggy Deûle Run #2,https://courses.ffslc.fr/calendar,https://courses.ffslc.fr/calendar,verify-date,medium,Stored event year/date was not found in fetched source text.,pending,2026-09-21,2026-09-23
EV-256451926F,2027-02-07,France,Doggy Deûle Run #2 – Canicross,https://courses.ffslc.fr/calendar,https://courses.ffslc.fr/calendar,verify-date,medium,Stored event year/date was not found in fetched source text.,pending,2026-09-21,2026-09-23
EV-29EE5DDBF0,2027-02-07,France,La Canidé'forts – 4e édition – Canicross,https://courses.ffslc.fr/calendar-map,https://courses.ffslc.fr/calendar-map,verify-date,medium,Stored event year/date was not found in fetched source text.,pending,2026-09-21,2026-09-23
EV-D0043A3D03,2027-02-07,France,La Canidé’forts – 4e édition,https://courses.ffslc.fr/calendar,https://courses.ffslc.fr/calendar,verify-date,medium,Stored event year/date was not found in fetched source text.,pending,2026-09-21,2026-09-23
EV-958015A6C0,2027-02-07,Italy,Alpe Adria Ultra Trail Winter – dog-friendly non-competitive routes,https://www.alpeadriaultra.com/en/,https://www.alpeadriaultra.com/en/,verify-date,medium,Stored event year/date was not found in fetched source text.,pending,2026-09-21,2026-09-23
EV-EB61F1A006,2027-02-07,UK,Lakeland Paws – Whinlatter Tails South Side,https://lakelandpaws.com/events/,https://lakelandpaws.com/events/,review-source-change,medium,Source fingerprint changed since the previous validation.,pending,2026-09-21,2026-09-23
EV-41485D2622,2027-02-13 to 2027-02-14,France,5th Dirty Dog Race,https://courses.ffslc.fr/calendar,https://courses.ffslc.fr/calendar,verify-date,medium,Stored event year/date was not found in fetched source text.,pending,2026-09-21,2026-09-23
EV-4ED45FC2FE,2027-02-13 to 2027-02-14,France,5th Dirty Dog Race – Canicross,https://courses.ffslc.fr/calendar,https://courses.ffslc.fr/calendar,verify-date,medium,Stored event year/date was not found in fetched source text.,pending,2026-09-21,2026-09-23
EV-B8AE2C9F28,2027-02-13 to 2027-02-14,France,Les Courses de l'Étang – Canicross,https://courses.ffslc.fr/calendar,https://courses.ffslc.fr/calendar,verify-date,medium,Stored event year/date was not found in fetched source text.,pending,2026-09-21,2026-09-23
EV-8873B78C67,2027-02-13 to 2027-02-14,France,Les courses de l’étang,https://courses.ffslc.fr/calendar,https://courses.ffslc.fr/calendar,verify-date,medium,Stored event year/date was not found in fetched source text.,pending,2026-09-21,2026-09-23
EV-AFF3417D9A,2027-02-13 to 2027-02-19,France,Trophée des Lacs,https://courses.ffslc.fr/calendar,https://courses.ffslc.fr/calendar,verify-date,medium,Stored event year/date was not found in fetched source text.,pending,2026-09-21,2026-09-23
EV-CB86465AC0,2027-02-13 to 2027-02-19,France,Trophée des Lacs – Canicross,https://courses.ffslc.fr/calendar,https://courses.ffslc.fr/calendar,verify-date,medium,Stored event year/date was not found in fetched source text.,pending,2026-09-21,2026-09-23
EV-975792F04C,2027-02-27 to 2027-02-28,Germany,Schwabentrail – Canicross,https://vdsv.de/kalender/,https://vdsv.de/kalender/,verify-date,medium,Stored event year/date was not found in fetched source text.,pending,2026-09-21,2026-09-23
EV-D004C97C3E,2027-02-28,France,Interclub Manchois,https://courses.ffslc.fr/calendar,https://courses.ffslc.fr/calendar,verify-date,medium,Stored event year/date was not found in fetched source text.,pending,2026-09-21,2026-09-23
EV-C1416C1B6D,2027-02-28,France,Interclub Manchois – Canicross,https://courses.ffslc.fr/calendar,https://courses.ffslc.fr/calendar,verify-date,medium,Stored event year/date was not found in fetched source text.,pending,2026-09-21,2026-09-23
EV-5ACEDA0271,2027-02-28,UK,Fountains Abbey Wild Trail Runs,https://gotrail.run/en/race/fountains-abbey-wild-trail-runs,https://gotrail.run/en/event/fountains-abbey-wild-trail-runs,review-source-change,medium,Source fingerprint changed since the previous validation.,pending,2026-09-21,2026-09-23
EV-DAAA5F9B36,2027-03-07,UK,Lakeland Paws – Tour de Grizedale,https://lakelandpaws.com/grizedale-growl-tour-de-grizedale/,https://lakelandpaws.com/grizedale-growl-tour-de-grizedale/,review-source-change,medium,Source fingerprint changed since the previous validation.,pending,2026-09-21,2026-09-23
EV-F718EDB4AF,2027-03-13 to 2027-03-14,Germany,Vulcanicross – Canicross,https://vdsv.de/kalender/,https://vdsv.de/kalender/,verify-date,medium,Stored event year/date was not found in fetched source text.,pending,2026-09-21,2026-09-23
EV-BD90C16588,2027-03-20,UK,Maverick Hampshire Trail 2027,https://www.maverick-race.com/products/2027/2027-03-20,https://www.maverick-race.com/products/2027/2027-03-20,manual-source-check,medium,Automated access failed (403); do not infer an event change.,pending,2026-09-21,2026-09-23
EV-7506099009,2027-04-03,UK,Maverick East Sussex Trail 2027,https://www.maverick-race.com/products/the-maverick-east-sussex-trail-2027,https://www.maverick-race.com/products/the-maverick-east-sussex-trail-2027,manual-source-check,medium,Automated access failed (403); do not infer an event change.,pending,2026-09-21,2026-09-23
EV-4E84D08267,2027-04-03 to 2027-04-04,France,Canicross du Lac des Sapins,https://courses.ffslc.fr/calendar,https://courses.ffslc.fr/calendar,verify-date,medium,Stored event year/date was not found in fetched source text.,pending,2026-09-21,2026-09-23
EV-002537FB9C,2027-04-10 to 2027-04-11,France,Canicross XtremTrail de Brameloup,https://courses.ffslc.fr/calendar,https://courses.ffslc.fr/calendar,verify-date,medium,Stored event year/date was not found in fetched source text.,pending,2026-09-21,2026-09-23
EV-C1A77A754E,2027-04-10 to 2027-04-11,France,Canicross XtremTrail de Brameloup – Canicross,https://courses.ffslc.fr/calendar,https://courses.ffslc.fr/calendar,verify-date,medium,Stored event year/date was not found in fetched source text.,pending,2026-09-21,2026-09-23
EV-93DAD6ECD6,2027-04-10 to 2027-04-11,France,Canicross XtremTrail de Brameloup – Canitrail,https://courses.ffslc.fr/calendar,https://courses.ffslc.fr/calendar,verify-date,medium,Stored event year/date was not found in fetched source text.,pending,2026-09-21,2026-09-23
EV-BA13A6D6B3,2027-04-24,UK,Lakeland Paws – Dogs @ Dodd Double Header,https://lakelandpaws.com/events/,https://lakelandpaws.com/events/,review-source-change,medium,Source fingerprint changed since the previous validation.,pending,2026-09-21,2026-09-23
EV-E397130B40,2027-04-24 to 2027-04-25,France,4e Castel'Canicross de Blangy le Château – Canicross,https://courses.ffslc.fr/calendar,https://courses.ffslc.fr/calendar,verify-date,medium,Stored event year/date was not found in fetched source text.,pending,2026-09-21,2026-09-23
EV-291F9B2CFD,2027-04-24 to 2027-04-25,France,4e Castel’Canicross de Blangy-le-Château,https://courses.ffslc.fr/calendar,https://courses.ffslc.fr/calendar,verify-date,medium,Stored event year/date was not found in fetched source text.,pending,2026-09-21,2026-09-23
EV-320307ABC9,2027-04-24 to 2027-04-25,France,4eme Castel'Canicross de Blangy le Château – Canitrail,https://courses.ffslc.fr/calendar,https://courses.ffslc.fr/calendar,verify-date,medium,Stored event year/date was not found in fetched source text.,pending,2026-09-21,2026-09-23
EV-63F5CA4F02,2027-04-24 to 2027-04-25,France,Castel'Canicross de Blangy le Château – 4e,https://courses.ffslc.fr/calendar,https://courses.ffslc.fr/calendar,verify-date,medium,Stored event year/date was not found in fetched source text.,pending,2026-09-21,2026-09-23
EV-C400598394,2027-04-25,UK,Lakeland Paws – Whinlatter Tails Seat How Double Header,https://lakelandpaws.com/events/,https://lakelandpaws.com/events/,review-source-change,medium,Source fingerprint changed since the previous validation.,pending,2026-09-21,2026-09-23
EV-00B9A0F4A9,2027-05-22,UK,Maverick Cotswolds Trail 2027,https://www.maverick-race.com/products/2027/2027-05-22,https://www.maverick-race.com/products/2027/2027-05-22,manual-source-check,medium,Automated access failed (403); do not infer an event change.,pending,2026-09-21,2026-09-23
EV-D83A2F63FC,2026-04-10 to 2026-04-12,UK,RAID Cani-Trail,https://www.canitrailuk.co.uk/about-1,https://www.canitrailuk.co.uk/about-1,replace-source-or-confirm-cancelled,high,Primary source returns HTTP 404.,rejected,2026-09-21,2026-09-23
EV-AD5CCC65AC,2026-04-25 to 2026-04-26,Switzerland,Canitrail des Moines,https://swiss-canicross.ch/courses/categorie/canitrails/,https://swiss-canicross.ch/courses/categorie/canitrails/,verify-event-identity,medium,Event-name match against fetched source text is weak.,approved,2026-09-21,2026-09-23
