Date,Country,Event,Dog distance (km),Elevation (m+),Dog access,Status,Notes,Primary source,Secondary source,Origin
2026-01-10,Netherlands,Otterlo Trailrun,11|22|35,,dogs allowed in regular trail,source-confirmed 2026,Dogs may join; keep dog leashed and start at the back.,https://canitrail.nl/events/otterlo-trailrun/,,uploaded 2026 CSV
2026-01-17,Belgium,Coalminers’ Trail & Walk,10|13|19|28,,dogs allowed in regular trail,source-confirmed 2026,Dogs explicitly allowed on both walk and trail; leashed.,https://canitrail.nl/events/coalminers-trail-walk/,,uploaded 2026 CSV
2026-01-17,Austria,MOUNTAINMAN Wintertrail Mittersill-KitzSki,10|18|31,700|1100|2100,Dogs-Trail / optional with dog,cancelled,2026 edition cancelled because the route permit was withdrawn.,https://www.lg-mettenheim.de/veranstaltungen/mountainman-wintersill_20260117,,web verification 2026-09-11
2026-01-24,Germany,Yeti Dog Run,16|26,,dog-only trail day,source-confirmed 2026,Saturday is the DOG TRAIL; Sunday is without dogs.,https://canitrail.nl/events/yeti-dog-run-18km-en-26km/,,uploaded 2026 CSV
2026-02-07,Netherlands,Natte Neuzen Trail Montferland,10|12|13|15|20|22|23|25,,dedicated canitrail event,source-confirmed 2026,"6 km snuffeltrail exists too, but excluded here because under 10 km.",https://canitrail.nl/de-natte-neuzen-trails-2025-2026/nnt-montferland-2026/,,uploaded 2026 CSV
2026-02-08,France,Trail des Fontaines,12,,dedicated canitrail distance,source-confirmed 2026,Chrono-Start lists a CaniTrail 12 km start.,https://chrono-start.com/events/trail-des-fontaines-624-922-102/,,uploaded 2026 CSV
2026-02-21,Netherlands,Bosbokken Canitrail,15,,dedicated canitrail distance,source-confirmed 2026,Official Bosbokken pages say Saturday has a separate canitrail; current program shows 15 km.,https://www.bosbokken.nl/info/,https://www.bosbokken.nl/programma/,uploaded 2026 CSV
2026-03-01,Belgium,Alden Biesen Trail & Walk,10|16|20|27,,dogs allowed in regular trail,source-confirmed 2026,Dogs explicitly allowed on trail and walk; leashed.,https://canitrail.nl/events/alden-biesen-trail-walk/,,uploaded 2026 CSV
2026-03-07,Germany,MOUNTAINMAN Wintertrail Reit im Winkl,14|22,150|651,own Dogs-Trail start + separate ranking,held / sold out,Dog entries sold out; S 14 km and M 22 km available with dog.,https://mountainman.de/trailrunning-events/alps/wintertrail-reit-im-winkl/dogs-trail/,,web verification 2026-09-11
2026-03-14 to 2026-03-15,Netherlands,Vuurtoren Trail Ameland,10|18,,dogs allowed in regular trail,source-confirmed 2026,Canitrailers can join 6|10|18 km; only 10 and 18 included here.,https://canitrail.nl/events/vuurtoren-trail-ameland/,,uploaded 2026 CSV
2026-03-14,Germany,Canitrail-Lauf durchs Nettetal 4.0,10|20,,dedicated canitrail event,source-confirmed 2026,"Also offers 5 km and caniwalk, excluded here where under 10 km.",https://canitrail.nl/events/canitrail-nettetal/,,uploaded 2026 CSV
2026-03-14,Netherlands,Dark Sky Trail Lauwersmeer,10,,separate canitrailer start in regular event,source-confirmed 2026,Canitrailers start at 19:00; trailrunners at 19:15.,https://canitrail.nl/events/dark-sky-trail-lauwersmeer/,,uploaded 2026 CSV
2026-04-10 to 2026-04-12,"Wales, UK",RAID Cani-Trail,87,,multi-day dog trail event,source-confirmed 2026,Day 1 32 km + Day 2 42.5 km + Day 3 12.5 km = 87 km total. Mini RAID is 34.5 km total.,https://www.canitrailuk.co.uk/about-1,,uploaded 2026 CSV
2026-04-19,France,L’Epouvan’trail,10,,dedicated canitrail distance,source-confirmed 2026,Pyrénées Chrono lists a 10 km canitrail.,https://pyreneeschrono.fr/evenement/epouvantrail/,https://www.finishers.com/en/event/l-epouvan-trail,uploaded 2026 CSV
2026-04-25 to 2026-04-26,Switzerland,Canitrail des Moines,not published,,dedicated canitrail event,source-confirmed 2026,Date and dog format confirmed by Swiss Canicross; current 2026 page does not show exact km.,https://swiss-canicross.ch/courses/categorie/canitrails/,https://swiss-canicross.ch/course/canitrails-des-moines/,uploaded 2026 CSV
2026-05-08 to 2026-05-10,"Wales, UK",Mynydd Y Gaer Mountain Challenge,10|17|35_total,,multi-day dog trail event,source-confirmed 2026,10 km and 17 km stages are in-range; full 3-day challenge totals 35 km if you also do the 8 km day.,https://www.canitrailuk.co.uk/cani-trail-mountain-challenge,,uploaded 2026 CSV
2026-05-10,Belgium,Cani-Trail & Trail des Ardennes,11|17|27,,dedicated canitrail distances,source-confirmed 2026,"Registration page lists separate Canitrail Découverte, Court, and Long.",https://www.ledossard.com/inscription/index.php?id=3530,https://www.ultratiming.live/en/evenement/cani-trail-trail-des-ardennes-2026/epreuve/canitrail-court,uploaded 2026 CSV
2026-05-14,Netherlands,Dauw Canitrail Xperience,10|15|20,,dedicated canitrail event,source-confirmed 2026,Canitrail.NL event with 3 distances.,https://canitrail.nl/events/dauw-canitrail-xperience/,,uploaded 2026 CSV
2026-05-23,France,Les Gendarmes et les Voleurs de Temps – CaniTrail,11.3,185,dedicated canitrail,held,"CaniTrail 11.3 km, co-organised with CANIPAT87.",https://gendarmes-et-voleurs.com/canitrail/,,web verification 2026-09-11
2026-05-30,Italy,CLUT / UltraKtrail / Chien Ultra K,10,,dedicated dog class within trail event,source-confirmed 2026,Official CLUT confirms 30 May 2026 event; Finishers confirms a 10 km dog class labeled Chien Ultra K / canitrail.,https://www.clut.run/quote-e-regolamento/,https://www.finishers.com/course/ultraktrail,uploaded 2026 CSV
2026-07-04,Belgium,Festival Trail Semois,17|26,,dedicated canitrail distances,source-confirmed 2026,"Event also has a 9 km canitrail, excluded here because under 10 km.",https://www.ultratiming.live/en/evenement/festival-trail-semois-2026/epreuve/canitrail-17km,https://www.ultratiming.live/en/evenement/festival-trail-semois-2026/epreuve/canitrail-26km,uploaded 2026 CSV
2026-08-18 to 2026-08-21,Netherlands,Cani- en Trail4Daagse Veluwezoom,37_to_73_total,,multi-day trail opened to canitrailers,source-confirmed 2026,4-day format; total distance depends on chosen daily route length.,https://canitrail.nl/events/cani-en-trail4daagse-veluwezoom-2026/,,uploaded 2026 CSV
2026-09-19,Germany,ARBERLAND Ultra Trail – Hundelauf,20|36,900|1500,dedicated dog start + ranking,upcoming,Dog ranking on Arbersee Trail and Schachtenbach Trail.,https://www.arberland-bayerischer-wald.de/aktiv-im-sommer/trailrunning/arberland-ultra-trail/,,web verification 2026-09-11
2026-09-26,Germany,MOUNTAINMAN Reit im Winkl – Dogs-Trail,11|26,300|900,own dog starts + separate ranking,upcoming,S and M trails allow dogs; own dog starts and finisher medal.,https://www.chiemsee-chiemgau.info/mountainman-reit-im-winkl,,web verification 2026-09-11
2026-10-03,Netherlands,Brekeld Runners Trail,10|15|20,,dogs allowed in regular trail,source-confirmed 2026,"Dogs welcome on 10 km, 15 km and 20 km.",https://canitrail.nl/events/brekeld-runners-trail/,,uploaded 2026 CSV
2026-10-03 to 2026-10-04,Switzerland,Canitrail des Bisses,not published,,dedicated canitrail event,source-confirmed 2026,Adult canitrail and dog requirements confirmed; current 2026 pages do not show exact km.,https://www.myswitzerland.com/en-gb/experiences/events/canitrail-des-bisses/,https://lecanitraildesbisses.ch/informations/categories/,uploaded 2026 CSV
2026-10-04,Netherlands,Kustmarathon Zeeland Canitrail,16,,dedicated canitrail distance,source-confirmed 2026,Official Kustmarathon page says first canitrail is 16 km offroad on 4 October 2026.,https://www.kustmarathon.nl/wedstrijd/canitrail/,https://www.kustmarathon.nl/,uploaded 2026 CSV
2026-10-31,France,Trail du Calvaire,12,,dedicated canitrail distance,source-confirmed 2026,Finishers shows Cani-Trail du Calvaire 12 km; Esprit Trail gives the 2026 date.,https://www.finishers.com/en/event/trail-du-calvaire,https://www.esprit-trail.com/calendrier_courses/le-noct%C2%92trail-du-calvaire/,uploaded 2026 CSV
2026-11-15,France,Trail des Châtaignes,11,,dedicated dog class within trail event,source-confirmed 2026,Finishers shows an 11 km dog class ‘Le Cani’; Esprit Trail gives the 2026 date.,https://www.finishers.com/en/event/trail-des-chataignes-de-cormeille-en-parisis,https://www.esprit-trail.com/calendrier_courses/trail-des-chataignes-2/,uploaded 2026 CSV
2026-12-06,Germany,MOUNTAINMAN Nikolaus-Trail Pommelsbrunn – Dogs-Trail,12|17,370|530,own Dogs-Trail start window + separate ranking,upcoming,Dogs start in a separate afternoon time window; S and M only.,https://mountainman.de/trailrunning-events/hills/nikolaustrail-pommelsbrunn/dogs-trail/,,web verification 2026-09-11
2027-01-24,Germany,MOUNTAINMAN Dogs-Winterloop Reit im Winkl,7.5 km loops,110 per loop,dog-only event day,registration open,3-hour challenge; Sunday reserved for dog teams.,https://mountainman.de/trailrunning-events/alps/winterloop-reit-im-winkl/dogs-trail/,,web verification 2026-09-11
2027-05-08,Germany,MOUNTAINMAN Nesselwang – Dogs-Trail,21 + S-distance,1268 + S not captured,own dog starts + separate ranking,registration open,"M trail confirmed at 21 km / 1,268 hm; dog slots limited to about 150.",https://mountainman.de/trailrunning-events/alps/nesselwang/dogs-trail/,,web verification 2026-09-11
2027-05-15,France,Les Gendarmes et les Voleurs de Temps – CaniTrail,11,221,dedicated canitrail,announced,"2027 event weekend is 15–16 May; canitrail page lists Saturday 15 May, 11 km.",https://gendarmes-et-voleurs.com/canitrail/,,web verification 2026-09-11
